 get  infos  from  onto ; extract  events ; sort ; sort_products ; product  create 
 0:00:00.329110 ; 0:00:00.229965 ; 0:00:00.062979 ; 0:00:00.983045 ; 0:00:01.992945 
